-- --------------------------------------------------------
-- Servidor:                     127.0.0.1
-- Versão do servidor:           10.4.19-MariaDB - mariadb.org binary distribution
-- OS do Servidor:               Win64
-- HeidiSQL Versão:              9.5.0.5196
-- --------------------------------------------------------

/*!40101 SET @OLD_CHARACTER_SET_CLIENT=@@CHARACTER_SET_CLIENT */;
/*!40101 SET NAMES utf8 */;
/*!50503 SET NAMES utf8mb4 */;
/*!40014 SET @OLD_FOREIGN_KEY_CHECKS=@@FOREIGN_KEY_CHECKS, FOREIGN_KEY_CHECKS=0 */;
/*!40101 SET @OLD_SQL_MODE=@@SQL_MODE, SQL_MODE='NO_AUTO_VALUE_ON_ZERO' */;

-- Copiando dados para a tabela tcc.cardapiosemanal: ~3 rows (aproximadamente)
DELETE FROM `cardapiosemanal`;
/*!40000 ALTER TABLE `cardapiosemanal` DISABLE KEYS */;
INSERT INTO `cardapiosemanal` (`ID`, `DATA_CRIACAO`, `QUARTA_ALMOCO`, `QUARTA_CAFE`, `QUARTA_JANTAR`, `QUARTA_LANCHE`, `QUINTA_ALMOCO`, `QUINTA_CAFE`, `QUINTA_JANTAR`, `QUINTA_LANCHE`, `SEGUNDA_ALMOCO`, `SEGUNDA_CAFE`, `SEGUNDA_JANTAR`, `SEGUNDA_LANCHE`, `SEXTA_ALMOCO`, `SEXTA_CAFE`, `SEXTA_JANTAR`, `SEXTA_LANCHE`, `TERCA_ALMOCO`, `TERCA_CAFE`, `TERCA_JANTAR`, `TERCA_LANCHE`) VALUES
	(1, '2021-08-03', 10, 9, 13, 12, 15, 14, 17, 16, 2, 1, 4, 3, 19, 18, 21, 20, 6, 5, 8, 7),
	(2, '2021-07-29', 1, NULL, 1, NULL, 1, NULL, 1, NULL, 1, NULL, 1, NULL, 1, NULL, 1, NULL, 1, NULL, 1, NULL),
	(3, '2021-07-31', 10, 9, 13, 12, 15, NULL, 17, NULL, 5, NULL, 4, 3, 19, NULL, 21, NULL, 1, NULL, 8, 7);
/*!40000 ALTER TABLE `cardapiosemanal` ENABLE KEYS */;

-- Copiando dados para a tabela tcc.ingrediente: ~79 rows (aproximadamente)
DELETE FROM `ingrediente`;
/*!40000 ALTER TABLE `ingrediente` DISABLE KEYS */;
INSERT INTO `ingrediente` (`ID`, `NOME`) VALUES
	(1, 'Ovo'),
	(2, 'Sal'),
	(3, 'Presunto'),
	(4, 'Queijo'),
	(5, 'Tempero verde'),
	(6, 'Filé de frango'),
	(7, 'Limão'),
	(8, 'Alho'),
	(9, 'Curry'),
	(10, 'Maionese'),
	(12, 'Margarina'),
	(13, 'Abacate'),
	(14, 'Tomate'),
	(15, 'Cebola'),
	(16, 'Coentro'),
	(17, 'Pimenta malagueta'),
	(18, 'Azeite extra virgem'),
	(19, 'Alface romana'),
	(20, 'Croutons'),
	(21, 'Peito de frango '),
	(22, 'Pimenta do reino'),
	(23, 'Mostarda'),
	(24, 'Molho inglês'),
	(25, 'Parmesão'),
	(26, 'Azeite'),
	(27, 'Goma de tapioca'),
	(28, 'Adoçante'),
	(29, 'Atum em óleo'),
	(30, 'Feijão fradinho'),
	(31, 'Cebola roxa'),
	(32, 'Lata de milho'),
	(33, 'Cheiro-verde'),
	(34, 'Manjericão'),
	(35, 'Açúcar'),
	(36, 'Fermento'),
	(37, 'Farelo de aveia'),
	(38, 'Banana'),
	(39, 'Canela'),
	(40, 'Mussarela'),
	(41, 'Creme de leite'),
	(42, 'Azeitonas'),
	(43, 'Orégano'),
	(44, 'Cacau em pó'),
	(45, 'Filé de peixe'),
	(46, 'Batata'),
	(47, 'Pimentão'),
	(48, 'Alcaparras'),
	(49, 'Batata doce'),
	(50, 'Farinha de arroz'),
	(51, 'Leite desnatado'),
	(52, 'Leite'),
	(53, 'Linhaça dourada'),
	(54, 'Chia'),
	(55, 'Gema'),
	(56, 'Pimenta'),
	(57, 'Frango'),
	(58, 'Camarão'),
	(59, 'Farinha de soja'),
	(60, 'Açúcar mascavo'),
	(61, 'Castanha'),
	(62, 'Frutas secas'),
	(63, 'Água'),
	(64, 'Mel'),
	(65, 'Chuchu'),
	(66, 'Manteiga'),
	(67, 'Farinha de trigo'),
	(68, 'Laranja'),
	(69, 'Óleo de coco'),
	(70, 'Fermento químico'),
	(71, 'Gotas de chocolate'),
	(72, 'Whey'),
	(73, 'Trigo para quibe'),
	(74, 'Berinjela'),
	(75, 'Cenoura'),
	(76, 'Amido de milho'),
	(77, 'Hortelã'),
	(78, 'Mamão'),
	(79, 'Melão'),
	(80, 'Maçã'),
	(81, 'Grão de bico'),
	(82, 'Pimenta branca');
/*!40000 ALTER TABLE `ingrediente` ENABLE KEYS */;

-- Copiando dados para a tabela tcc.modopreparo: ~17 rows (aproximadamente)
DELETE FROM `modopreparo`;
/*!40000 ALTER TABLE `modopreparo` DISABLE KEYS */;
INSERT INTO `modopreparo` (`ID`, `DESCRICAO`, `RECEITA_ID`) VALUES
	(1, 'Bata os 2 ovos, pode ser na batedeira ou não.\nApós ter batido bem, coloque-o na frigideira já untada com óleo, acrescente o sal, o presunto picado em quadradinhos e as duas fatias de queijo (não precisa picar o queijo).\nColoque os temperos a gosto, espere ficar firme, e vire o omelete.\nEstá pronto um omelete delicioso, bom apetite!', 1),
	(2, 'Tempere os filés com o limão, o sal, o alho e o curry. Deixe descansar por um tempo para apurar.\nPasse a maionese em cada filé e arrume-os numa assadeira antiaderente.\nDistribua a margarina na assadeira, entre os filés, e polvilhe o queijo ralado sobre eles.\nLeve ao forno médio pré aquecido até ficarem dourados.', 2),
	(3, 'Amasse o abacate com um garfo, acrescente o alho socado, o suco de limão, sal e azeite a gosto e misture como um purê.\nPique a cebola, o tomate e o coentro. Pique bem a pimenta.\nAcrescente os ingredientes picados ao "purê" de abacate.\nSirva com chips, crackers, tacos, no burrito ou mesmo junto com arroz e feijão.', 3),
	(4, 'Tempere o peito de frango com sal e pimenta-do-reino.Cozinhe o peito de frango em uma frigideira com 1 fio de azeite. Fatie o peito de frango e reserve.Molho:Misture no liquidificador: o suco de limão, a mostarda, o molho inglês, o parmesão ralado, o alho, o sal e a pimenta-do-reino. Bata bem e vá acrescentando o azeite até emulsificar. Lave a alface e sirva com o peito de frango, os croutons e o molho.', 4),
	(5, 'Em um recipiente, bata bem o ovo.\nAdicione a goma de tapioca e bata novamente (pode bater com um garfo mesmo), até obter uma mistura homogênea.\nColoque todo o conteúdo em uma frigideira antiaderente levemente quente e mantenha em fogo baixo.\nDeixe por alguns segundos e vire para dourar do outro lado.\nNão é necessário untar com óleo, azeite ou manteiga.', 5),
	(6, 'Em uma tigela, misture todos os ingredientes. Tempere com sal, pimenta-do-reino, manjericão e azeite. \n\n', 6),
	(7, 'Coloque todos os ingredientes em uma vasilha e mexa bem.Despeje a mistura em formas para cupcake e leve para assar em forno médio (200° C), preaquecido, por 15 minutos.Depois de assado, polvilhe canela sobre os bolinhos e está pronto.', 7),
	(8, 'Misture o atum sem o óleo com o tomate, as azeitonas e o orégano. Não precisa de sal.\nColoque no liquidificador os ovos, creme de leite, mussarela e bata bem.\nEm seguida, coloque o fermento e bata mais um pouco para misturar.\nUnte uma forma pequena com azeite ou manteiga.\nColoque metade da massa, o recheio e logo em seguida a outra metade da massa.\nLeve ao forno preaquecido a 200° C durante 30 minutos ou até dourar.', 8),
	(9, 'Amasse a banana, depois coloque em um recipiente fundo, bata com o garfo os 2 ovos junto com a banana, depois acrescente a aveia e o cacau.\nBata tudo com o garfo e depois coloque na frigideira untada e antiaderente, tampe a frigideira e vire após dourar.\nMinha dica é fazer panquecas pequenas, fica mais fácil de virar.\nE quando tiver pronta, você pode polvilhar coco ralado sobre as panquecas.', 9),
	(10, 'Tempere o filé de peixe com sal e alho e reserve. Misture o tomate, cebola, pimentão e alcaparras e tempere com um pouco de sal e junte o cheiro verde e coentro. Reseve.Unte um refratário com azeite, e forre com as batatas cruas.Cubra as batatas com o peixe e por cima distribua a mistura do tomate. Regue com bastante azeite e leve ao forno por mais ou menos 30 a 40 minutos.Quando secar o líquido que acumula no fundo da forma quando está assando e ficar dourado está pronto.', 10),
	(11, 'Cozinhe a batata doce ou o legume escolhido e amasse. Reserve para esfriar. No liquidificador, coloque a batata doce amassada, o frango desfiado, os temperos e bata junto com o leite e a farinha de arroz até virar uma massa. Tempere a gosto e acrescente a linhaça e a chia. Deixe no congelador por 15 minutos até virar uma massa fácil de modelar. Prepare o recheio: como sugestão misture o frango desfiado, creme de ricota, cenoura, cheiro-verde e temperos. Abra a massa na mão, recheie (estilo coxi', 12),
	(12, 'Coloque o azeite na panela o suficiente para dourar o alho e a cebola. Coloque o alho e a cebola e deixe gratinar, coloque o camarão mexa um pouco. Coloque um pouco de água e mais um pouco de azeite. Sal a gosto. Deixe a água secar. Retire e sirva. Sirva com batatas cozidas temperadas com vinagre e sal e salada de palmito com azeitona e tomate.', 13),
	(13, 'Misture os ingredientes secos em uma vasilha.\nAdicione as frutas e as castanhas e misture bem.\nColoque o ovo, a água, o óleo e a manteiga, acrescentando por último o fermento em pó.\nColoque em forminhas de muffin untadas e leve ao forno pré aquecido por 20 minutos.\nAbra o forno e pincele uma camada de mel sobre os muffins. Asse por aproximadamente mais 10 minutos.', 14),
	(14, 'Cozinhe os chuchus em água e sal, amasse bem.\nBata no liquidificador o leite, a manteiga e a farinha de trigo.\nJunte as gemas, o queijo ralado e o chuchu.\nTire do liquidificador e misture as claras em neve.\nColoque para assar, até gratinar.', 15),
	(15, 'Misture todos os ingredientes e molde os biscoitos com uma colher.\nOPÇÃO 1: Leve os biscoitos ao micro-ondas por 1-2 minutos (30 em 30 segundos).\nOPÇÃO 2: Leve a massa ao forno preaquecido (200 a 250° C) por 10 a 15 minutos.', 16),
	(16, 'Coloque o trigo em uma tigela e cubra com a água morna. Deixe de molho por 1 hora. Escorra toda a água e reserve. Em uma panela, junte a berinjela com uma xícara de água. Cozinhe em fogo médio até que a berinjela esteja macia e todo o líquido tenha secado (aproximadamente 20 minutos). Bata no liquidificador a berinjela e a cebola. Passe para uma tigela e junte o a cenoura, o sal, a hortelã, o amido de milho e o trigo. Acomode a massa na assadeira untada e leve ao forno por 30 minutos.', 17),
	(17, 'Misture todas as frutas com o suco de laranja (exceto a banana).\nColoque a banana apenas na hora de servir a salada, pois ela fica estraga facilmente, comprometendo todo o gosto da salada.\nSe desejar acrescente manga e abacaxi picadinhos.', 18),
	(18, 'Amasse as batatas-doces cozidas e reserve. Em um panela, aqueça 1 fio de azeite e refogue a cebola e o alho. Adicione as batatas e mexa bem. Acrescente o creme de leite e o sal. Em outra panela, aqueça 1 fio de azeite e refogue a cebola e o alho. Acrescente o frango e tempere com sal e pimenta-do-reino a gosto. Por fim, adicione o molho de tomate. Em uma travessa, coloque metade da batata-doce. Adicione o frango e cubra com o restante da batata. Finalize com queijo parmesão ralado por cima.', 19),
	(19, 'Cozinhe o grão de bico na panela de pressão até ficar macio.\nBata no liquidificador com duas conchas da água do cozimento.\nMisture com os demais ingredientes.\nSe necessário acrescente mais água do cozimento.\nA textura deve ficar como um patê.\nColoque um fio de azeite de oliva e sirva com pão sírio ou árabe.', 20),
	(20, 'Bata todos os ingredientes no liquidificador até obter uma consistência líquida e homogênea. Aqueça uma frigideira antiaderente untada com manteiga. Quando ela estiver bem quente, despeje uma concha da massa e gire a frigideira para que ela se espalhe. Cozinhe em fogo baixo até que a massa comece a borbulhar e secar. Para finalizar, despeje molho branco por cima das panquecas, salpique bastante queijo ralado e leve ao forno preaquecido a 180° C, por cerca de 15 minutos.', 21);
/*!40000 ALTER TABLE `modopreparo` ENABLE KEYS */;

-- Copiando dados para a tabela tcc.receita: ~20 rows (aproximadamente)
DELETE FROM `receita`;
/*!40000 ALTER TABLE `receita` DISABLE KEYS */;
INSERT INTO `receita` (`ID`, `CATEGORIA`, `DESCRICAO`, `NOME`, `USUARIO_ID`) VALUES
	(1, 'lanches', '', 'Omelete', 1),
	(2, 'carnes', '', 'Filé de Frango', 1),
	(3, 'lanches', '', 'Guacamole', 1),
	(4, 'alimentacao_saudavel', '', 'Salada verde com frango', 1),
	(5, 'alimentacao_saudavel', '', 'Crepioca Fit', 1),
	(6, 'alimentacao_saudavel', '', 'Salada de atum com feijão fradinho', 1),
	(7, 'alimentacao_saudavel', '', 'Bolinho de aveia fit', 1),
	(8, 'alimentacao_saudavel', '', 'Torta de atum maravilha low carb', 1),
	(9, 'alimentacao_saudavel', '', 'Panqueca de Banana Fit', 1),
	(10, 'peixes_frutos_mar', '', 'Filé de peixe assado', 1),
	(12, 'alimentacao_saudavel', '', 'Salgado Maromba Fit', 1),
	(13, 'peixes_frutos_mar', '', 'Camarão ao alho e zeite', 1),
	(14, 'alimentacao_saudavel', 'Esta receita é indicada para pessoas com restrições alimentares, tais como a glúten e lactose.\nPara se tornar uma receita vegana, substituir o ovo por 1 colher de sopa linhaça batida com 4 colheres de sopa de água, e substituir o mel por melado.', 'Muffin sem glúten e sem lactose', 1),
	(15, 'alimentacao_saudavel', '', 'Souflé de Chuchu', 1),
	(16, 'alimentacao_saudavel', '', 'Biscoito Protéico de Aveia Fit', 1),
	(17, 'alimentacao_saudavel', '', 'Quibe de Berinjela', 1),
	(18, 'saladas_molhos_acompanhamentos', '', 'Salada de Frutas Simples', 1),
	(19, 'alimentacao_saudavel', '', 'Escondidinho de Frango com Batata Doce', 1),
	(20, 'alimentacao_saudavel', 'Dica: é um ótimo acompanhamento para o kibe cru.\n', 'Pasta de Grão de Bico', 1),
	(21, 'alimentacao_saudavel', '', 'Panqueca sem farinha', 1);
/*!40000 ALTER TABLE `receita` ENABLE KEYS */;

-- Copiando dados para a tabela tcc.receitaingrediente: ~145 rows (aproximadamente)
DELETE FROM `receitaingrediente`;
/*!40000 ALTER TABLE `receitaingrediente` DISABLE KEYS */;
INSERT INTO `receitaingrediente` (`ID`, `OBSERVACAO`, `QTD`, `UNIDADE_MEDIDA`, `INGREDIENTE_ID`, `RECEITA_ID`) VALUES
	(1, '', 2.00, 'UNI', 1, 1),
	(2, '', 1.00, 'XCR', 2, 1),
	(3, '', 1.00, 'UNI', 3, 1),
	(4, '', 2.00, 'UNI', 4, 1),
	(5, '', 1.00, 'XCR', 5, 1),
	(6, '', 500.00, 'G', 6, 2),
	(7, '', 1.00, 'UNI', 7, 2),
	(8, '', 2.00, 'XCR', 8, 2),
	(9, '', 1.00, 'XCR', 2, 2),
	(10, '', 1.00, 'XCR', 9, 2),
	(11, '', 1.00, 'UNI', 10, 2),
	(13, '', 3.00, 'COL', 12, 2),
	(14, '', 1.00, 'UNI', 13, 3),
	(15, '', 1.00, 'UNI', 14, 3),
	(16, '', 1.00, 'UNI', 15, 3),
	(17, '', 200.00, 'G', 16, 3),
	(18, '', 200.00, 'G', 8, 3),
	(19, '', 1.00, 'UNI', 17, 3),
	(20, '', 100.00, 'ML', 7, 3),
	(21, '', 200.00, 'ML', 18, 3),
	(22, '', 100.00, 'G', 2, 3),
	(23, '', 1.00, 'UNI', 19, 4),
	(24, '', 1.00, 'XCR', 20, 4),
	(25, '', 250.00, 'G', 6, 4),
	(26, '', 10.00, 'G', 22, 4),
	(27, '', 200.00, 'ML', 26, 4),
	(28, '', 2.00, 'UNI', 8, 4),
	(29, '', 1.00, 'COL', 24, 4),
	(30, '', 1.00, 'COL', 23, 4),
	(31, '', 30.00, 'G', 25, 4),
	(32, '', 100.00, 'G', 2, 4),
	(33, '', 1.00, 'COL', 27, 5),
	(34, '', 1.00, 'UNI', 1, 5),
	(35, '', 100.00, 'ML', 28, 5),
	(36, '', 100.00, 'G', 2, 5),
	(37, '', 2.00, 'UNI', 29, 6),
	(38, '', 1.00, 'XCR', 30, 6),
	(39, '', 250.00, 'G', 31, 6),
	(40, '', 2.00, 'UNI', 14, 6),
	(41, '', 1250.00, 'G', 32, 6),
	(42, '', 3.00, 'COL', 33, 6),
	(43, '', 100.00, 'G', 22, 6),
	(44, '', 200.00, 'XCR', 34, 6),
	(45, '', 3.00, 'COL', 26, 6),
	(46, '', 100.00, 'G', 2, 6),
	(47, '', 1.00, 'UNI', 1, 7),
	(48, '', 1.00, 'COL', 35, 7),
	(49, '', 250.00, 'G', 36, 7),
	(50, '', 4.00, 'COL', 37, 7),
	(51, '', 1.00, 'UNI', 38, 7),
	(52, '', 200.00, 'G', 39, 7),
	(53, '', 3.00, 'UNI', 1, 8),
	(54, '', 150.00, 'G', 40, 8),
	(55, '', 1.00, 'COL', 36, 8),
	(56, '', 2.00, 'UNI', 29, 8),
	(57, '', 1.00, 'UNI', 14, 8),
	(58, '', 10.00, 'UNI', 42, 8),
	(59, '', 1.00, 'COL', 43, 8),
	(60, '', 1.00, 'UNI', 38, 9),
	(61, '', 2.00, 'COL', 37, 9),
	(62, '', 1.00, 'COL', 44, 9),
	(63, '', 2.00, 'UNI', 1, 9),
	(64, '', 500.00, 'G', 45, 10),
	(65, '', 4.00, 'UNI', 46, 10),
	(66, '', 2.00, 'UNI', 14, 10),
	(67, '', 250.00, 'G', 47, 10),
	(68, '', 1.00, 'UNI', 15, 10),
	(69, '', 1.00, 'COL', 48, 10),
	(70, '', 200.00, 'G', 33, 10),
	(71, '', 200.00, 'G', 16, 10),
	(72, '', 1.00, 'UNI', 8, 10),
	(73, '', 1.00, 'UNI', 26, 10),
	(74, '', 100.00, 'G', 57, 12),
	(75, '', 50.00, 'G', 49, 12),
	(76, '', 2.00, 'COL', 50, 12),
	(77, '', 3.00, 'COL', 51, 12),
	(78, '', 2.00, 'COL', 53, 12),
	(79, '', 2.00, 'COL', 54, 12),
	(80, '', 1.00, 'UNI', 55, 12),
	(81, '', 20.00, 'G', 43, 12),
	(82, '', 20.00, 'G', 56, 12),
	(83, '', 20.00, 'G', 2, 12),
	(84, '', 1.00, 'KG', 58, 13),
	(85, '', 2.00, 'UNI', 8, 13),
	(86, '', 200.00, 'ML', 18, 13),
	(87, '', 1.00, 'UNI', 15, 13),
	(88, '', 4.00, 'COL', 50, 14),
	(89, '', 4.00, 'COL', 59, 14),
	(90, '', 1.00, 'COL', 39, 14),
	(91, '', 10.00, 'G', 60, 14),
	(92, '', 125.00, 'G', 61, 14),
	(93, '', 125.00, 'G', 62, 14),
	(94, '', 1.00, 'UNI', 1, 14),
	(95, '', 1.00, 'COL', 12, 14),
	(96, '', 1.00, 'COL', 36, 14),
	(97, '', 1.00, 'COL', 64, 14),
	(98, '', 5.00, 'UNI', 65, 15),
	(99, '', 1.00, 'XCR', 52, 15),
	(100, '', 1.00, 'COL', 66, 15),
	(101, '', 1.00, 'COL', 67, 15),
	(102, '', 4.00, 'UNI', 1, 15),
	(103, '', 4.00, 'UNI', 4, 15),
	(104, '', 1.00, 'UNI', 2, 15),
	(105, '', 1.00, 'UNI', 1, 16),
	(106, '', 5.00, 'COL', 37, 16),
	(107, '', 50.00, 'MG', 36, 16),
	(108, '', 125.00, 'G', 44, 16),
	(109, '', 100.00, 'G', 35, 16),
	(110, '', 50.00, 'G', 71, 16),
	(111, '', 125.00, 'G', 72, 16),
	(112, '', 2.00, 'XCR', 73, 17),
	(113, '', 4.00, 'XCR', 63, 17),
	(114, '', 2.00, 'UNI', 74, 17),
	(115, '', 1.00, 'UNI', 15, 17),
	(116, '', 2.00, 'UNI', 75, 17),
	(117, '', 1.00, 'COL', 2, 17),
	(118, '', 6.00, 'COL', 76, 17),
	(119, '', 200.00, 'G', 26, 17),
	(120, '', 3.00, 'COL', 77, 17),
	(121, '', 125.00, 'G', 78, 18),
	(122, '', 125.00, 'G', 79, 18),
	(123, '', 1.00, 'UNI', 80, 18),
	(124, '', 2.00, 'UNI', 38, 18),
	(125, '', 1.00, 'L', 68, 18),
	(126, '', 500.00, 'G', 49, 19),
	(127, '', 20.00, 'ML', 26, 19),
	(128, '', 2.00, 'UNI', 15, 19),
	(129, '', 2.00, 'UNI', 8, 19),
	(130, '', 1.00, 'XCR', 41, 19),
	(131, '', 1.00, 'UNI', 2, 19),
	(132, '', 500.00, 'G', 57, 19),
	(133, '', 1.00, 'COL', 22, 19),
	(134, '', 100.00, 'G', 25, 19),
	(135, '', 1.00, 'UNI', 14, 19),
	(136, '', 500.00, 'G', 81, 20),
	(137, '', 1.00, 'UNI', 15, 20),
	(138, '', 300.00, 'ML', 7, 20),
	(139, '', 50.00, 'G', 2, 20),
	(140, '', 1.00, 'UNI', 82, 20),
	(141, '', 2.00, 'XCR', 52, 21),
	(142, '', 2.00, 'XCR', 76, 21),
	(143, '', 2.00, 'UNI', 1, 21),
	(144, '', 60.00, 'G', 25, 21),
	(145, '', 50.00, 'G', 2, 21),
	(146, '', 50.00, 'G', 22, 21);
/*!40000 ALTER TABLE `receitaingrediente` ENABLE KEYS */;
